0.93, 2.02, 3.07, 4.02, 5.44, 7.02, 8.76, 10.64, 12.67, 14.97, 17.24, 19.54, 21.36, 23.40, 25.45, 27.44, 29.60, 31.80, 34.01, 36.23, 38.50, 40.69, 43.02, 45.33, 47.55, 49.67, 51.42, 52.85, 54.17, 55.38, 56.70, 57.86, 59.00, 60.44, 62.49, 64.66, 66.55, 68.42, 70.16, 72.01, 73.81, 75.72, 77.54, 79.42, 81.33, 83.26, 84.81, 85.93, 86.72, 87.53, 88.22, 89.15, 90.02, 90.88, 91.85, 92.90, 94.23, 95.21, 96.41, 97.66, 98.94, 100.10, 101.20, 102.54, 103.76, 104.94, 106.13, 107.43, 108.75, 109.99, 111.26, 112.48, 113.68, 115.04, 116.26, 117.49, 118.75, 119.45, 120.16, 120.87, 121.57, 122.28, 122.98, 
1.76, 2.61, 3.47, 4.25, 5.55, 6.93, 8.58, 10.37, 12.27, 14.43, 16.57, 18.81, 20.66, 22.56, 24.50, 26.37, 28.56, 30.81, 33.08, 35.35, 37.67, 39.93, 42.30, 44.65, 46.93, 49.12, 50.95, 52.56, 54.08, 55.55, 57.08, 58.55, 59.49, 60.77, 62.58, 64.43, 65.97, 67.47, 68.82, 70.29, 71.74, 73.29, 74.77, 76.29, 77.85, 79.47, 80.84, 82.02, 82.75, 83.63, 84.31, 85.20, 86.09, 87.13, 88.25, 89.53, 90.95, 92.08, 93.41, 94.74, 96.15, 97.49, 98.71, 100.07, 101.38, 102.62, 103.89, 105.25, 106.69, 108.03, 109.39, 110.72, 112.12, 113.59, 115.03, 116.49, 117.91, 118.96, 120.00, 121.05, 122.09, 123.14, 124.03, 
2.60, 3.39, 4.20, 4.98, 6.21, 7.57, 9.17, 10.87, 12.74, 14.89, 17.03, 19.28, 21.13, 22.98, 24.87, 26.70, 28.91, 31.19, 33.50, 35.82, 38.18, 40.49, 42.90, 45.29, 47.60, 49.82, 51.65, 53.25, 54.79, 56.24, 57.76, 59.22, 60.15, 61.44, 63.25, 65.11, 66.69, 68.25, 69.65, 71.14, 72.62, 74.20, 75.70, 77.26, 78.83, 80.41, 81.71, 82.95, 83.52, 84.50, 85.08, 86.10, 87.10, 88.22, 89.40, 90.71, 92.15, 93.25, 94.66, 96.03, 97.49, 98.89, 99.99, 101.40, 102.74, 103.84, 105.14, 106.56, 108.02, 109.40, 110.81, 112.11, 113.57, 115.11, 116.45, 117.96, 119.40, 120.07, 121.11, 122.16, 123.20, 124.25, 125.14, 
3.29, 3.85, 4.65, 5.52, 6.78, 8.11, 9.74, 11.55, 13.37, 15.43, 17.43, 19.53, 21.40, 23.30, 25.25, 27.14, 29.32, 31.57, 33.85, 36.14, 38.48, 40.76, 43.15, 45.50, 47.78, 49.98, 51.87, 53.70, 55.39, 57.01, 58.63, 60.23, 60.94, 62.31, 64.08, 65.84, 67.35, 68.77, 70.06, 71.44, 72.81, 74.28, 75.66, 77.06, 78.49, 80.06, 81.48, 82.91, 83.93, 84.95, 85.79, 86.68, 87.61, 88.67, 89.74, 90.98, 92.23, 93.32, 94.52, 95.70, 97.00, 98.28, 99.48, 100.65, 101.83, 102.90, 104.09, 105.35, 106.63, 107.90, 109.24, 110.57, 112.01, 113.42, 114.83, 116.26, 117.67, 118.98, 120.30, 121.61, 122.93, 124.24, 125.56, 
4.11, 4.55, 5.42, 6.34, 7.65, 9.06, 10.75, 12.61, 14.52, 16.66, 18.74, 20.92, 22.89, 24.88, 26.91, 28.89, 31.10, 33.40, 35.73, 38.06, 40.43, 42.75, 45.17, 47.56, 49.88, 52.13, 53.79, 55.61, 57.17, 58.71, 60.33, 61.91, 61.85, 63.27, 65.07, 66.85, 68.39, 69.86, 71.18, 72.60, 74.01, 75.52, 76.97, 78.44, 79.90, 81.49, 82.96, 84.50, 85.10, 86.13, 86.76, 87.69, 88.62, 89.73, 90.82, 92.07, 93.29, 94.36, 95.58, 96.72, 98.03, 99.32, 100.50, 101.64, 102.79, 103.80, 104.99, 106.23, 107.49, 108.74, 110.04, 111.35, 112.79, 114.21, 115.58, 117.04, 118.49, 119.90, 121.32, 122.73, 124.15, 125.56, 126.97, 
5.09, 5.38, 6.48, 7.48, 8.99, 10.55, 12.41, 14.44, 16.48, 18.73, 20.95, 23.25, 25.05, 26.99, 29.07, 31.01, 33.42, 35.90, 38.26, 40.60, 43.00, 45.28, 47.79, 50.15, 52.41, 54.60, 55.94, 57.74, 59.19, 60.68, 62.30, 63.86, 62.97, 64.60, 66.52, 68.38, 70.02, 71.43, 72.62, 74.13, 75.56, 77.14, 78.54, 80.00, 81.44, 83.10, 84.56, 86.28, 86.50, 87.54, 87.95, 88.94, 89.89, 91.11, 92.14, 93.57, 94.71, 95.71, 97.04, 98.12, 99.59, 100.88, 101.96, 103.02, 104.24, 105.07, 106.46, 107.66, 109.02, 110.24, 111.57, 112.89, 114.53, 115.91, 117.25, 118.78, 120.19, 121.56, 122.98, 124.39, 125.81, 127.22, 128.63, 
6.16, 6.27, 7.30, 8.37, 9.78, 11.25, 13.02, 14.96, 16.87, 18.98, 21.05, 23.22, 25.25, 27.27, 29.34, 31.37, 33.57, 35.85, 38.17, 40.48, 42.81, 45.10, 47.48, 49.84, 52.16, 54.41, 56.38, 58.41, 60.33, 62.19, 64.05, 65.71, 63.91, 65.41, 67.21, 68.95, 70.49, 71.95, 73.28, 74.68, 76.10, 77.59, 79.04, 80.51, 81.96, 83.57, 85.13, 86.87, 87.87, 88.97, 89.17, 90.15, 91.14, 92.48, 93.40, 94.80, 96.07, 96.97, 98.34, 99.40, 100.85, 102.32, 103.30, 104.33, 105.56, 106.21, 107.54, 108.92, 110.34, 111.62, 112.97, 114.32, 115.91, 117.49, 118.76, 120.37, 121.78, 123.18, 124.59, 126.00, 127.42, 128.83, 130.24, 
7.27, 7.22, 8.22, 9.26, 10.63, 12.07, 13.79, 15.63, 17.49, 19.59, 21.68, 23.89, 25.86, 27.84, 29.88, 31.87, 34.05, 36.31, 38.60, 40.89, 43.21, 45.48, 47.84, 50.18, 52.49, 54.75, 56.72, 58.62, 60.44, 62.23, 64.06, 65.86, 64.87, 66.32, 68.10, 69.83, 71.33, 72.74, 74.04, 75.40, 76.76, 78.21, 79.58, 80.98, 82.36, 83.88, 85.32, 86.94, 88.24, 89.67, 90.37, 91.41, 92.44, 93.85, 94.75, 96.19, 97.56, 98.30, 99.82, 100.81, 102.34, 103.84, 104.71, 105.80, 107.00, 107.47, 108.89, 110.39, 111.89, 113.10, 114.43, 115.85, 117.45, 119.13, 120.33, 122.00, 123.46, 124.70, 126.12, 127.53, 128.95, 130.36, 131.77, 
9.00, 8.72, 9.51, 10.55, 11.89, 13.15, 14.70, 16.31, 17.79, 19.45, 21.22, 23.18, 25.04, 26.79, 28.58, 30.31, 32.27, 34.34, 36.44, 38.53, 40.63, 42.73, 44.86, 46.98, 49.08, 51.18, 53.15, 55.09, 57.07, 59.10, 61.20, 63.32, 64.38, 65.62, 66.91, 68.08, 69.10, 70.00, 70.78, 71.51, 72.25, 73.04, 73.82, 74.68, 75.58, 76.69, 78.08, 79.80, 81.37, 83.25, 84.99, 86.68, 88.51, 90.57, 92.65, 94.79, 97.03, 98.98, 101.17, 102.85, 104.44, 105.96, 106.71, 107.90, 109.02, 109.40, 110.75, 112.52, 114.04, 115.13, 116.45, 117.96, 119.46, 121.24, 122.39, 124.16, 125.58, 126.69, 128.11, 129.52, 130.94, 132.35, 133.76, 
11.00, 10.47, 11.08, 12.13, 13.48, 14.63, 16.36, 18.12, 19.38, 21.10, 22.95, 24.98, 27.03, 28.74, 30.56, 32.23, 34.30, 36.47, 38.63, 40.73, 42.82, 44.94, 47.06, 49.18, 51.29, 53.42, 55.33, 57.28, 59.31, 61.43, 63.59, 65.73, 65.69, 67.12, 68.32, 69.31, 70.24, 70.97, 71.66, 72.28, 73.06, 73.85, 74.66, 75.57, 76.58, 77.85, 79.52, 81.55, 83.27, 85.46, 87.05, 88.64, 90.63, 92.94, 95.00, 97.21, 99.54, 101.19, 103.61, 105.13, 106.77, 108.33, 108.96, 110.23, 111.28, 111.58, 112.87, 114.91, 116.45, 117.43, 118.71, 120.34, 121.73, 123.60, 124.71, 126.58, 127.96, 129.01, 130.43, 131.84, 133.26, 134.67, 136.08, 
13.03, 12.25, 12.67, 13.73, 15.11, 16.15, 17.92, 19.75, 21.02, 22.77, 24.65, 26.72, 28.79, 30.75, 32.60, 34.20, 36.31, 38.50, 40.72, 42.93, 45.02, 47.16, 49.28, 51.41, 53.51, 55.68, 57.55, 59.47, 61.56, 63.77, 66.00, 68.16, 67.03, 68.58, 69.80, 70.61, 71.48, 72.00, 72.59, 73.09, 73.91, 74.69, 75.54, 76.52, 77.63, 79.00, 80.73, 82.79, 84.71, 86.94, 89.03, 90.65, 92.78, 95.18, 97.38, 99.65, 102.08, 103.44, 105.91, 107.45, 109.14, 110.73, 111.24, 112.61, 113.59, 113.81, 115.03, 117.34, 118.90, 119.78, 121.02, 122.77, 124.04, 126.00, 127.06, 129.03, 130.38, 131.36, 132.77, 134.19, 135.60, 137.01, 138.42, 
15.10, 14.08, 14.31, 15.36, 16.76, 17.70, 19.49, 21.36, 22.66, 24.41, 26.30, 28.36, 30.43, 32.44, 34.48, 36.18, 38.24, 40.38, 42.56, 44.71, 46.86, 49.02, 51.18, 53.36, 55.54, 57.75, 59.73, 61.67, 63.81, 66.11, 68.41, 70.59, 68.38, 69.94, 71.29, 71.93, 72.71, 73.05, 73.53, 73.92, 74.77, 75.56, 76.45, 77.47, 78.62, 80.05, 81.81, 83.87, 85.80, 88.05, 90.15, 92.16, 94.33, 96.74, 99.14, 101.60, 104.16, 105.70, 108.17, 109.78, 111.52, 113.13, 113.51, 115.01, 115.90, 116.06, 117.20, 119.65, 121.37, 122.13, 123.33, 125.20, 126.35, 128.40, 129.42, 131.48, 132.80, 133.71, 135.12, 136.54, 137.95, 139.36, 140.77, 
17.06, 15.81, 15.83, 16.89, 18.32, 19.16, 20.88, 22.67, 24.24, 25.94, 27.78, 29.78, 31.75, 33.70, 35.67, 37.59, 39.58, 41.65, 43.75, 45.84, 47.92, 50.01, 52.11, 54.22, 56.34, 58.48, 60.57, 62.66, 64.80, 67.02, 69.33, 71.64, 69.61, 71.06, 72.49, 73.22, 73.89, 74.07, 74.43, 74.72, 75.54, 76.38, 77.23, 78.20, 79.30, 80.65, 82.33, 84.28, 86.09, 88.21, 90.19, 92.07, 94.11, 96.40, 98.67, 100.99, 103.44, 105.58, 107.94, 110.16, 112.42, 114.71, 115.67, 117.31, 118.10, 118.18, 119.25, 121.58, 123.71, 124.36, 125.52, 127.50, 128.53, 130.69, 131.65, 133.80, 135.08, 135.92, 137.34, 138.75, 140.17, 141.58, 142.99, 
19.15, 17.68, 17.48, 18.54, 19.99, 20.71, 22.51, 24.37, 25.86, 27.58, 29.47, 31.52, 33.58, 35.58, 37.61, 39.56, 41.60, 43.73, 45.87, 47.98, 50.05, 52.16, 54.25, 56.38, 58.50, 60.69, 62.75, 64.83, 67.04, 69.36, 71.74, 74.06, 70.97, 72.51, 73.96, 74.52, 75.12, 75.14, 75.41, 75.60, 76.43, 77.28, 78.15, 79.18, 80.31, 81.70, 83.45, 85.49, 87.42, 89.67, 91.78, 93.79, 95.97, 98.41, 100.83, 103.31, 105.91, 107.88, 110.38, 112.53, 114.84, 117.14, 117.98, 119.75, 120.45, 120.45, 121.46, 123.94, 126.19, 126.74, 127.86, 129.96, 130.84, 133.12, 134.01, 136.26, 137.51, 138.26, 139.68, 141.09, 142.51, 143.92, 145.33, 
21.19, 19.49, 19.07, 20.15, 21.61, 22.22, 23.97, 25.79, 27.37, 29.06, 30.91, 32.95, 34.98, 36.94, 38.94, 40.88, 42.93, 45.07, 47.24, 49.40, 51.55, 53.73, 55.89, 58.07, 60.26, 62.48, 64.67, 66.83, 69.05, 71.37, 73.77, 76.18, 72.30, 73.82, 75.24, 75.76, 76.28, 76.14, 76.33, 76.41, 77.24, 78.06, 78.90, 79.83, 80.87, 82.17, 83.87, 85.87, 87.77, 89.97, 92.05, 94.02, 96.17, 98.57, 100.97, 103.42, 106.00, 108.26, 110.75, 113.09, 115.48, 117.88, 120.18, 122.16, 122.78, 122.69, 123.63, 126.08, 128.54, 129.10, 130.18, 132.40, 133.13, 135.52, 136.37, 138.70, 139.91, 140.58, 142.00, 143.41, 144.83, 146.24, 147.65, 
23.24, 21.30, 20.65, 21.75, 23.20, 23.69, 25.41, 27.17, 28.72, 30.38, 32.21, 34.24, 36.25, 38.16, 40.10, 41.98, 44.05, 46.20, 48.39, 50.57, 52.74, 54.94, 57.13, 59.32, 61.52, 63.75, 65.94, 68.09, 70.30, 72.61, 75.00, 77.40, 73.66, 75.14, 76.50, 76.93, 77.38, 77.09, 77.23, 77.18, 77.97, 78.75, 79.54, 80.42, 81.38, 82.59, 84.22, 86.20, 88.07, 90.26, 92.33, 94.32, 96.47, 98.89, 101.31, 103.80, 106.40, 108.68, 111.21, 113.57, 115.97, 118.40, 120.72, 123.14, 125.12, 124.97, 125.80, 128.27, 130.76, 131.48, 132.53, 134.86, 135.44, 137.85, 138.74, 141.17, 142.33, 142.91, 144.32, 145.74, 147.15, 148.57, 149.97, 
25.26, 23.11, 22.18, 23.28, 24.70, 25.06, 26.67, 28.31, 29.72, 31.27, 32.99, 34.91, 36.78, 38.54, 40.32, 42.04, 44.00, 46.04, 48.11, 50.18, 52.24, 54.33, 56.40, 58.49, 60.57, 62.69, 64.76, 66.76, 68.84, 71.02, 73.27, 75.56, 74.97, 76.36, 77.61, 78.02, 78.42, 78.02, 78.15, 77.99, 78.77, 79.53, 80.29, 81.17, 82.12, 83.26, 84.78, 86.60, 88.35, 90.46, 92.47, 94.41, 96.51, 98.91, 101.33, 103.80, 106.40, 108.68, 111.20, 113.56, 115.94, 118.36, 120.66, 123.09, 125.42, 127.25, 127.95, 130.43, 132.90, 133.84, 134.88, 137.31, 137.71, 140.09, 141.08, 143.50, 144.71, 145.14, 146.55, 147.97, 149.38, 150.80, 152.20, 
27.32, 25.05, 23.72, 24.74, 25.66, 26.23, 27.44, 28.52, 29.70, 31.10, 32.67, 34.41, 35.75, 37.05, 38.36, 39.59, 41.27, 43.03, 44.81, 46.61, 48.44, 50.28, 52.13, 53.98, 55.78, 57.55, 59.18, 60.52, 62.04, 63.68, 65.44, 67.23, 68.68, 69.87, 71.19, 72.69, 74.12, 75.54, 76.99, 78.39, 79.74, 80.91, 81.60, 82.56, 83.54, 84.60, 85.70, 87.03, 88.59, 90.60, 92.59, 94.56, 96.68, 99.06, 101.51, 103.96, 106.60, 108.86, 111.46, 113.90, 116.25, 118.70, 121.07, 123.58, 125.95, 128.32, 130.06, 132.58, 135.06, 136.17, 137.25, 139.69, 139.86, 142.22, 143.30, 145.58, 147.01, 147.00, 148.42, 149.83, 151.24, 152.66, 154.07, 
28.95, 26.71, 25.08, 25.93, 26.76, 27.46, 28.71, 29.73, 31.22, 32.92, 34.52, 36.35, 37.00, 38.49, 39.85, 41.00, 42.78, 44.60, 46.44, 48.31, 50.24, 52.12, 54.09, 55.92, 57.64, 59.30, 60.43, 61.01, 61.97, 63.06, 64.34, 65.54, 66.90, 68.03, 69.71, 71.62, 73.32, 75.03, 76.70, 78.43, 80.09, 81.83, 83.25, 84.28, 85.28, 86.23, 86.89, 87.26, 88.36, 89.83, 91.28, 92.82, 94.43, 96.22, 98.11, 100.01, 102.16, 103.90, 105.99, 107.98, 109.85, 111.78, 113.66, 115.73, 117.64, 119.59, 121.28, 123.29, 125.31, 127.17, 129.06, 130.98, 132.66, 134.57, 136.30, 138.06, 139.87, 140.99, 142.10, 143.22, 144.33, 145.45, 146.57, 
30.12, 27.92, 26.03, 26.73, 27.70, 28.59, 29.86, 31.05, 32.57, 34.38, 36.20, 38.09, 38.31, 39.84, 41.39, 42.47, 44.22, 46.02, 47.84, 49.67, 51.57, 53.40, 55.34, 57.26, 59.10, 60.84, 61.80, 61.98, 62.92, 63.84, 64.95, 65.95, 66.90, 67.93, 69.57, 71.41, 73.00, 74.58, 76.06, 77.62, 79.11, 80.71, 82.21, 83.79, 85.40, 86.97, 88.03, 87.98, 88.72, 89.78, 90.78, 91.90, 93.07, 94.39, 95.79, 97.21, 98.89, 100.18, 101.78, 103.33, 104.80, 106.29, 107.72, 109.36, 110.84, 112.30, 113.61, 115.20, 116.78, 118.22, 119.71, 121.21, 122.54, 124.09, 125.44, 126.83, 128.25, 129.03, 129.82, 130.60, 131.38, 132.16, 132.95, 
31.19, 29.09, 27.03, 27.64, 28.92, 30.01, 31.45, 32.73, 34.38, 36.47, 38.28, 40.23, 39.93, 41.66, 43.22, 44.24, 46.23, 48.06, 49.90, 51.73, 53.69, 55.44, 57.50, 59.41, 61.17, 62.82, 63.44, 63.26, 64.13, 64.98, 66.22, 67.09, 67.94, 69.16, 71.01, 72.99, 74.69, 76.27, 77.63, 79.27, 80.71, 82.43, 83.82, 85.48, 87.13, 88.71, 89.40, 88.86, 89.27, 90.11, 90.88, 91.85, 92.83, 93.91, 95.10, 96.33, 97.86, 99.03, 100.43, 101.85, 103.24, 104.55, 105.80, 107.30, 108.67, 110.01, 111.27, 112.71, 114.18, 115.54, 116.93, 118.28, 119.53, 120.97, 122.29, 123.62, 124.95, 125.67, 126.40, 127.12, 127.85, 128.57, 129.30, 
32.11, 30.16, 28.10, 28.67, 30.16, 31.64, 33.30, 34.70, 36.47, 38.81, 40.58, 42.59, 41.82, 43.75, 45.34, 46.28, 48.48, 50.34, 52.19, 54.02, 56.04, 57.70, 59.90, 61.80, 63.47, 65.03, 65.30, 64.84, 65.60, 66.34, 67.67, 68.42, 69.08, 70.57, 72.67, 74.86, 76.60, 78.13, 79.35, 81.09, 82.50, 84.33, 85.63, 87.34, 89.04, 90.68, 91.03, 90.06, 90.08, 90.89, 91.49, 92.43, 93.31, 94.19, 95.15, 96.19, 97.52, 98.57, 99.74, 101.02, 102.33, 103.52, 104.63, 105.98, 107.24, 108.43, 109.67, 110.97, 112.31, 113.58, 114.89, 116.11, 117.39, 118.80, 120.11, 121.40, 122.69, 123.52, 124.35, 125.19, 126.02, 126.85, 127.69, 
33.09, 31.24, 29.09, 29.58, 30.94, 32.43, 34.11, 35.92, 37.84, 40.02, 42.18, 44.39, 43.57, 45.53, 47.32, 48.20, 50.26, 52.35, 54.30, 56.13, 58.20, 59.78, 61.99, 63.99, 65.59, 67.06, 66.99, 66.27, 66.93, 67.58, 68.93, 69.64, 70.07, 71.39, 73.32, 75.36, 77.10, 78.82, 80.39, 82.06, 83.68, 85.42, 87.07, 88.79, 90.56, 92.37, 92.52, 91.16, 90.86, 91.74, 92.23, 93.15, 94.04, 94.99, 96.01, 97.08, 98.45, 99.48, 100.69, 101.96, 103.25, 104.43, 105.53, 106.89, 108.11, 109.28, 110.46, 111.78, 113.11, 114.35, 115.60, 116.82, 118.01, 119.37, 120.59, 121.83, 123.09, 123.89, 124.69, 125.48, 126.28, 127.08, 127.88, 
34.15, 32.41, 30.21, 30.70, 32.28, 34.00, 35.93, 37.98, 39.98, 42.37, 44.52, 46.78, 45.54, 47.73, 49.53, 50.35, 52.52, 54.63, 56.60, 58.43, 60.55, 62.04, 64.38, 66.38, 67.90, 69.29, 68.89, 67.95, 68.52, 69.04, 70.49, 71.06, 71.22, 72.75, 74.88, 77.09, 79.00, 80.69, 82.11, 83.87, 85.45, 87.31, 88.87, 90.65, 92.48, 94.39, 94.27, 92.50, 91.84, 92.68, 93.06, 94.07, 95.00, 95.80, 96.74, 97.74, 99.05, 100.07, 101.23, 102.47, 103.76, 104.89, 105.94, 107.28, 108.49, 109.61, 110.83, 112.12, 113.42, 114.64, 115.90, 117.09, 118.29, 119.65, 120.91, 122.19, 123.46, 124.40, 125.34, 126.29, 127.22, 128.02, 128.82, 
34.95, 33.38, 31.19, 31.58, 32.97, 34.49, 36.23, 38.12, 40.12, 42.36, 44.55, 46.77, 47.33, 49.32, 51.33, 52.30, 54.42, 56.57, 58.74, 60.59, 62.78, 64.18, 66.46, 68.64, 70.07, 71.37, 70.60, 69.45, 69.85, 70.27, 71.58, 72.26, 72.28, 73.68, 75.67, 77.77, 79.59, 81.39, 83.07, 84.87, 86.63, 88.49, 90.27, 92.09, 93.95, 95.85, 95.81, 93.63, 92.61, 93.26, 93.65, 94.42, 95.14, 95.92, 96.79, 97.76, 98.95, 99.85, 100.90, 102.03, 103.20, 104.29, 105.31, 106.49, 107.60, 108.67, 109.77, 110.94, 112.15, 113.28, 114.47, 115.58, 116.74, 118.00, 119.17, 120.33, 121.48, 122.22, 122.96, 123.69, 124.43, 125.17, 125.91, 
35.83, 34.43, 32.12, 32.44, 33.68, 35.10, 36.66, 38.37, 40.22, 42.34, 44.39, 46.47, 48.07, 49.93, 51.81, 53.62, 55.58, 57.58, 59.60, 61.62, 63.72, 65.72, 67.86, 69.98, 71.99, 73.28, 72.13, 70.70, 70.96, 71.23, 72.29, 73.16, 73.34, 74.64, 76.56, 78.65, 80.49, 82.33, 84.06, 85.89, 87.67, 89.55, 91.34, 93.17, 95.03, 96.88, 97.26, 94.62, 93.39, 93.99, 94.36, 95.22, 95.94, 96.74, 97.66, 98.63, 99.86, 100.68, 101.81, 102.96, 104.06, 105.14, 106.19, 107.42, 108.50, 109.59, 110.61, 111.81, 112.98, 114.07, 115.27, 116.41, 117.45, 118.64, 119.67, 120.69, 121.78, 122.33, 122.87, 123.41, 123.95, 124.49, 125.04, 
36.80, 35.54, 33.15, 33.41, 34.85, 36.42, 38.19, 40.07, 42.08, 44.35, 46.56, 48.73, 49.83, 51.85, 53.84, 55.58, 57.70, 59.73, 61.76, 63.78, 65.94, 67.85, 70.12, 72.23, 74.16, 75.35, 73.85, 72.11, 72.28, 72.42, 73.61, 74.32, 74.47, 75.89, 77.93, 80.13, 82.04, 83.95, 85.74, 87.63, 89.47, 91.42, 93.20, 95.09, 96.97, 98.84, 98.85, 95.72, 94.24, 94.84, 95.14, 96.11, 96.86, 97.65, 98.61, 99.61, 100.91, 101.68, 102.89, 104.16, 105.30, 106.32, 107.33, 108.68, 109.74, 110.76, 111.79, 113.06, 114.28, 115.28, 116.53, 117.59, 118.62, 119.97, 120.87, 121.88, 123.00, 122.98, 123.52, 124.07, 124.61, 125.15, 125.69, 
37.74, 36.64, 34.15, 34.30, 35.56, 37.01, 38.57, 40.27, 42.14, 44.27, 46.33, 48.40, 49.95, 51.81, 53.67, 55.47, 57.40, 59.37, 61.35, 63.33, 65.39, 67.36, 69.46, 71.55, 73.54, 75.41, 75.32, 73.30, 73.31, 73.31, 74.31, 75.15, 75.60, 76.96, 78.93, 81.09, 83.01, 84.94, 86.77, 88.70, 90.58, 92.56, 94.45, 96.39, 98.34, 100.27, 100.32, 96.73, 95.12, 95.68, 95.94, 96.89, 97.74, 98.58, 99.56, 100.55, 101.80, 102.60, 103.77, 104.96, 106.08, 107.22, 108.32, 109.60, 110.74, 111.88, 112.86, 114.09, 115.31, 116.41, 117.65, 118.76, 119.72, 120.98, 121.91, 122.91, 124.04, 123.52, 124.05, 124.59, 125.12, 125.65, 126.19, 
38.71, 37.75, 35.20, 35.27, 36.67, 38.23, 39.95, 41.81, 43.80, 46.06, 48.28, 50.54, 51.73, 53.74, 55.70, 57.43, 59.52, 61.51, 63.51, 65.49, 67.61, 69.49, 71.73, 73.80, 75.70, 77.49, 77.04, 74.73, 74.61, 74.51, 75.62, 76.31, 76.71, 78.10, 80.12, 82.25, 84.09, 85.91, 87.59, 89.37, 91.11, 92.96, 94.72, 96.53, 98.39, 100.28, 101.82, 97.82, 95.91, 96.49, 96.66, 97.58, 98.44, 99.29, 100.24, 101.26, 102.57, 103.54, 104.71, 105.93, 107.17, 108.29, 109.34, 110.66, 111.84, 112.99, 114.01, 115.28, 116.58, 117.62, 118.85, 119.94, 120.87, 122.18, 123.10, 124.12, 125.28, 124.21, 124.75, 125.28, 125.82, 126.35, 126.89, 
39.67, 38.90, 36.30, 36.34, 37.87, 39.55, 41.43, 43.43, 45.54, 47.90, 50.19, 52.52, 53.58, 55.67, 57.78, 59.47, 61.69, 63.75, 65.77, 67.75, 69.93, 71.71, 74.08, 76.14, 77.96, 79.65, 78.84, 76.28, 76.00, 75.76, 76.95, 77.51, 77.92, 79.44, 81.58, 83.84, 85.82, 87.79, 89.44, 91.32, 93.01, 94.97, 96.63, 98.51, 100.40, 102.33, 103.49, 98.98, 96.74, 97.20, 97.34, 98.25, 99.07, 99.86, 100.73, 101.65, 102.87, 103.82, 104.92, 106.11, 107.29, 108.36, 109.38, 110.64, 111.79, 112.92, 114.06, 115.27, 116.50, 117.66, 118.92, 120.05, 121.19, 122.46, 123.64, 124.79, 125.94, 124.92, 125.45, 125.99, 126.52, 127.06, 127.59, 
40.69, 40.09, 37.42, 37.38, 38.84, 40.46, 42.21, 44.10, 46.13, 48.42, 50.64, 52.87, 54.59, 56.62, 58.66, 60.63, 62.73, 64.84, 66.96, 69.09, 71.28, 73.38, 75.63, 77.85, 79.97, 81.67, 80.51, 77.62, 77.20, 76.81, 77.99, 78.50, 79.17, 80.65, 82.76, 85.04, 87.07, 89.09, 91.01, 93.03, 94.98, 97.05, 98.62, 100.53, 102.45, 104.38, 105.13, 100.06, 97.67, 98.02, 98.16, 99.15, 99.97, 100.71, 101.65, 102.61, 103.88, 104.76, 105.93, 107.16, 108.31, 109.42, 110.50, 111.81, 112.98, 114.11, 115.17, 116.41, 117.66, 118.83, 120.08, 121.21, 122.24, 123.51, 124.64, 125.71, 126.85, 125.45, 125.98, 126.51, 127.05, 127.58, 128.11, 
41.88, 41.50, 38.73, 38.60, 40.15, 41.86, 43.69, 45.66, 47.75, 50.07, 52.28, 54.48, 56.17, 58.20, 60.24, 62.23, 64.26, 66.29, 68.34, 70.38, 72.50, 74.51, 76.68, 78.82, 80.86, 82.80, 82.08, 79.03, 78.36, 77.82, 78.88, 79.43, 80.54, 82.08, 84.25, 86.60, 88.70, 90.81, 92.85, 94.99, 97.06, 99.24, 100.71, 102.66, 104.60, 106.53, 106.85, 101.18, 98.70, 98.88, 99.08, 100.09, 100.88, 101.57, 102.50, 103.39, 104.57, 105.50, 106.57, 107.73, 108.80, 109.84, 110.86, 112.10, 113.17, 114.31, 115.36, 116.53, 117.66, 118.72, 119.89, 120.94, 121.91, 123.02, 124.03, 124.96, 125.98, 125.99, 126.52, 127.05, 127.58, 128.12, 128.65, 
42.95, 42.75, 39.88, 39.60, 40.95, 42.49, 44.12, 45.89, 47.84, 50.06, 52.22, 54.39, 56.01, 57.94, 59.89, 61.77, 63.74, 65.74, 67.76, 69.78, 71.87, 73.87, 76.01, 78.13, 80.15, 82.06, 83.59, 80.25, 79.41, 78.78, 79.85, 80.33, 81.54, 82.91, 84.92, 87.11, 89.03, 90.96, 92.79, 94.73, 96.62, 98.61, 100.52, 102.46, 104.42, 106.36, 107.85, 102.16, 99.59, 99.74, 99.89, 100.84, 101.72, 102.45, 103.43, 104.39, 105.67, 106.43, 107.61, 108.82, 109.95, 110.95, 111.95, 113.25, 114.32, 115.49, 116.45, 117.67, 118.90, 119.86, 121.02, 122.07, 122.96, 124.19, 125.09, 126.01, 127.12, 126.41, 126.83, 127.26, 127.68, 128.10, 128.53, 
43.88, 43.84, 40.92, 40.54, 41.93, 43.48, 45.19, 47.04, 49.04, 51.30, 53.50, 55.72, 57.48, 59.49, 61.52, 63.47, 65.57, 67.69, 69.82, 71.92, 74.08, 75.98, 78.23, 80.36, 82.29, 84.10, 85.27, 81.65, 80.66, 79.92, 81.10, 81.43, 82.58, 83.99, 86.03, 88.21, 90.10, 91.98, 93.75, 95.63, 97.46, 99.39, 101.24, 103.13, 105.05, 107.00, 108.56, 103.27, 100.47, 100.58, 100.65, 101.58, 102.44, 103.26, 104.17, 105.15, 106.38, 107.28, 108.42, 109.60, 110.76, 111.87, 112.95, 114.21, 115.34, 116.48, 117.55, 118.75, 120.00, 121.00, 122.18, 123.20, 124.07, 125.33, 126.24, 127.14, 128.31, 127.03, 127.46, 127.88, 128.30, 128.73, 129.15, 
44.90, 45.08, 42.16, 41.68, 43.20, 44.87, 46.71, 48.71, 50.81, 53.14, 55.36, 57.57, 59.24, 61.32, 63.42, 65.46, 67.52, 69.59, 71.68, 73.76, 75.92, 77.96, 80.17, 82.35, 84.37, 86.08, 86.91, 83.16, 81.92, 81.08, 82.29, 82.51, 83.75, 85.24, 87.36, 89.63, 91.61, 93.60, 95.50, 97.51, 99.42, 101.47, 103.23, 105.15, 107.09, 109.06, 110.24, 104.45, 101.49, 101.37, 101.39, 102.20, 102.90, 103.51, 104.20, 104.92, 105.91, 106.65, 107.49, 108.46, 109.40, 110.26, 111.12, 112.15, 113.07, 114.01, 114.95, 115.89, 116.87, 117.77, 118.72, 119.57, 120.48, 121.52, 122.45, 123.30, 124.21, 124.77, 125.32, 125.88, 126.43, 126.99, 127.54, 
45.90, 46.28, 43.32, 42.71, 44.13, 45.71, 47.44, 49.31, 51.32, 53.58, 55.76, 57.94, 59.63, 61.63, 63.64, 65.59, 67.62, 69.66, 71.72, 73.78, 75.91, 77.94, 80.13, 82.29, 84.35, 86.31, 87.90, 84.51, 83.07, 82.14, 83.29, 83.51, 84.72, 86.16, 88.23, 90.47, 92.44, 94.41, 96.28, 98.26, 100.20, 102.24, 104.19, 106.18, 108.18, 110.20, 111.79, 105.53, 102.44, 102.21, 102.18, 103.09, 103.74, 104.32, 105.08, 105.83, 107.01, 107.53, 108.56, 109.60, 110.50, 111.32, 112.17, 113.38, 114.17, 115.12, 116.01, 117.03, 118.04, 118.85, 119.85, 120.63, 121.53, 122.73, 123.51, 124.32, 125.30, 125.21, 125.70, 126.20, 126.69, 127.19, 127.69, 
47.02, 47.60, 44.56, 43.85, 45.30, 46.96, 48.69, 50.56, 52.61, 54.93, 57.17, 59.41, 61.11, 63.14, 65.20, 67.19, 69.23, 71.29, 73.36, 75.44, 77.60, 79.65, 81.85, 84.03, 86.11, 88.09, 89.47, 85.80, 84.17, 83.11, 84.19, 84.40, 85.72, 87.25, 89.40, 91.74, 93.82, 95.91, 97.89, 99.98, 102.02, 104.17, 106.22, 108.26, 110.29, 112.28, 113.41, 106.65, 103.48, 103.15, 103.08, 104.13, 104.69, 105.20, 106.04, 106.77, 108.01, 108.46, 109.60, 110.78, 111.63, 112.40, 113.25, 114.55, 115.30, 116.29, 117.13, 118.25, 119.25, 119.99, 121.03, 121.76, 122.60, 123.84, 124.52, 125.34, 126.44, 125.71, 126.21, 126.70, 127.20, 127.69, 128.19, 
48.00, 48.81, 45.72, 44.85, 46.23, 47.76, 49.44, 51.27, 53.24, 55.47, 57.60, 59.74, 61.38, 63.28, 65.20, 67.06, 69.07, 71.09, 73.14, 75.18, 77.30, 79.33, 81.51, 83.65, 85.69, 87.62, 89.15, 87.11, 85.24, 84.09, 85.13, 85.33, 86.56, 87.95, 89.97, 92.16, 94.08, 96.02, 97.88, 99.86, 101.79, 103.82, 105.77, 107.74, 109.73, 111.70, 113.22, 107.62, 104.31, 103.86, 103.77, 104.59, 105.33, 106.02, 106.97, 107.76, 108.99, 109.37, 110.47, 111.64, 112.75, 113.50, 114.32, 115.53, 116.41, 117.45, 118.19, 119.35, 120.44, 121.10, 122.21, 122.84, 123.67, 124.85, 125.61, 126.36, 127.42, 126.16, 126.62, 127.07, 127.52, 127.98, 128.43, 
48.93, 49.99, 46.86, 45.88, 47.31, 48.88, 50.60, 52.47, 54.47, 56.72, 58.87, 61.03, 62.69, 64.64, 66.61, 68.51, 70.57, 72.64, 74.72, 76.80, 78.97, 81.04, 83.26, 85.44, 87.53, 89.49, 90.75, 88.44, 86.36, 85.08, 86.14, 86.25, 87.50, 88.96, 91.03, 93.28, 95.28, 97.29, 99.21, 101.25, 103.24, 105.33, 107.32, 109.34, 111.39, 113.42, 114.81, 108.62, 105.17, 104.51, 104.45, 105.28, 106.02, 106.80, 107.71, 108.66, 109.86, 110.29, 111.35, 112.52, 113.61, 114.56, 115.39, 116.61, 117.52, 118.61, 119.26, 120.42, 121.58, 122.21, 123.43, 123.95, 124.75, 125.95, 126.69, 127.34, 128.38, 126.62, 127.08, 127.53, 127.98, 128.44, 128.89, 
50.02, 51.28, 48.05, 46.99, 48.47, 50.09, 51.87, 53.79, 55.80, 58.05, 60.20, 62.37, 64.04, 66.03, 68.03, 69.96, 72.00, 74.03, 76.09, 78.14, 80.26, 82.28, 84.46, 86.60, 88.66, 90.61, 92.23, 89.83, 87.56, 86.15, 87.30, 87.27, 88.51, 89.94, 92.00, 94.25, 96.22, 98.19, 100.07, 102.06, 103.98, 106.02, 107.96, 109.94, 111.95, 113.99, 115.63, 109.64, 106.06, 105.28, 105.26, 106.19, 106.89, 107.64, 108.56, 109.49, 110.73, 111.24, 112.35, 113.55, 114.67, 115.63, 116.45, 117.72, 118.65, 119.77, 120.33, 121.52, 122.71, 123.31, 124.49, 125.03, 125.76, 126.94, 127.79, 128.35, 129.40, 127.13, 127.58, 128.04, 128.49, 128.94, 129.40, 
51.05, 52.32, 49.28, 48.09, 49.57, 51.21, 52.98, 54.93, 56.99, 59.29, 61.49, 63.68, 65.40, 67.41, 69.44, 71.42, 73.44, 75.48, 77.53, 79.59, 81.71, 83.74, 85.92, 88.07, 90.12, 92.06, 93.61, 91.25, 88.72, 87.19, 88.27, 88.22, 89.48, 90.95, 93.03, 95.28, 97.25, 99.25, 101.17, 103.20, 105.19, 107.28, 109.28, 111.31, 113.35, 115.39, 117.01, 110.76, 107.01, 105.99, 105.95, 106.74, 107.40, 108.06, 108.86, 109.69, 110.76, 111.53, 112.44, 113.46, 114.45, 115.37, 116.25, 117.32, 118.25, 119.26, 120.21, 121.24, 122.24, 123.22, 124.26, 125.19, 126.11, 127.14, 128.04, 128.90, 129.81, 127.65, 128.10, 128.55, 129.01, 129.46, 129.91, 
52.19, 53.55, 50.57, 49.27, 50.78, 52.45, 54.24, 56.17, 58.23, 60.54, 62.74, 64.95, 66.61, 68.63, 70.65, 72.60, 74.66, 76.71, 78.77, 80.84, 82.99, 85.03, 87.23, 89.39, 91.46, 93.41, 95.02, 92.60, 89.84, 88.21, 89.31, 89.17, 90.52, 92.01, 94.14, 96.47, 98.51, 100.58, 102.56, 104.66, 106.70, 108.84, 110.90, 112.98, 115.09, 117.18, 118.67, 111.78, 107.98, 106.79, 106.79, 107.69, 108.27, 108.91, 109.82, 110.64, 111.89, 112.50, 113.57, 114.67, 115.56, 116.44, 117.34, 118.60, 119.41, 120.47, 121.31, 122.43, 123.45, 124.33, 125.45, 126.28, 127.14, 128.33, 129.13, 129.89, 130.86, 128.06, 128.47, 128.88, 129.29, 129.70, 130.10, 
53.20, 54.45, 51.76, 50.31, 51.74, 53.33, 55.03, 56.89, 58.91, 61.17, 63.34, 65.50, 67.16, 69.12, 71.09, 72.99, 75.02, 77.07, 79.13, 81.19, 83.34, 85.38, 87.58, 89.74, 91.80, 93.74, 95.29, 93.89, 90.91, 89.18, 90.22, 90.07, 91.37, 92.80, 94.86, 97.12, 99.10, 101.13, 103.07, 105.13, 107.14, 109.26, 111.28, 113.33, 115.38, 117.41, 118.99, 112.78, 108.89, 107.52, 107.54, 108.41, 109.05, 109.72, 110.67, 111.65, 112.88, 113.42, 114.54, 115.72, 116.67, 117.53, 118.44, 119.67, 120.53, 121.67, 122.38, 123.54, 124.64, 125.46, 126.64, 127.39, 128.20, 129.37, 130.21, 130.88, 131.90, 128.49, 128.90, 129.31, 129.72, 130.13, 130.54, 
54.29, 55.59, 53.01, 51.45, 52.98, 54.65, 56.47, 58.41, 60.51, 62.85, 65.10, 67.36, 68.89, 70.97, 73.05, 75.00, 77.13, 79.19, 81.27, 83.33, 85.55, 87.49, 89.77, 91.98, 93.94, 95.76, 96.98, 95.27, 92.10, 90.27, 91.42, 91.10, 92.45, 93.97, 96.13, 98.48, 100.56, 102.64, 104.63, 106.72, 108.77, 110.92, 112.98, 115.07, 117.20, 119.31, 120.68, 113.87, 109.91, 108.40, 108.41, 109.43, 109.98, 110.58, 111.53, 112.51, 113.77, 114.39, 115.57, 116.81, 117.82, 118.65, 119.59, 120.90, 121.74, 122.91, 123.52, 124.72, 125.91, 126.61, 127.82, 128.52, 129.30, 130.58, 131.37, 131.95, 133.03, 128.97, 129.38, 129.79, 130.20, 130.61, 131.02, 
55.41, 56.74, 54.23, 52.52, 53.90, 55.43, 57.06, 58.84, 60.77, 62.94, 65.02, 67.08, 68.60, 70.48, 72.36, 74.18, 76.08, 78.00, 79.92, 81.86, 83.88, 85.79, 87.86, 89.90, 91.83, 93.63, 95.07, 96.25, 93.05, 91.11, 92.03, 91.88, 93.16, 94.55, 96.56, 98.80, 100.77, 102.78, 104.71, 106.76, 108.75, 110.85, 112.85, 114.87, 116.91, 118.92, 120.46, 114.80, 110.86, 109.22, 109.28, 110.21, 110.86, 111.49, 112.50, 113.52, 114.79, 115.34, 116.51, 117.72, 118.82, 119.76, 120.72, 121.99, 122.87, 124.09, 124.56, 125.76, 126.96, 127.72, 128.91, 129.63, 130.31, 131.47, 132.40, 132.89, 133.93, 129.32, 129.68, 130.03, 130.39, 130.74, 131.10, 
56.54, 57.93, 55.58, 53.74, 55.24, 56.91, 58.67, 60.58, 62.66, 65.00, 67.23, 69.30, 70.29, 72.28, 74.29, 76.14, 78.16, 80.10, 82.04, 83.99, 86.09, 87.90, 90.13, 92.12, 93.94, 95.62, 96.67, 97.64, 94.15, 92.12, 93.08, 92.80, 94.24, 95.76, 97.90, 100.23, 102.28, 104.36, 106.38, 108.52, 110.61, 112.80, 114.90, 116.98, 119.01, 120.99, 122.06, 115.85, 111.89, 110.02, 110.09, 111.02, 111.68, 112.27, 113.23, 114.24, 115.44, 116.29, 117.39, 118.57, 119.66, 120.72, 121.81, 123.01, 123.96, 125.16, 125.64, 126.77, 127.92, 128.81, 129.98, 130.72, 131.35, 132.49, 133.46, 133.87, 134.92, 129.78, 130.13, 130.49, 130.84, 131.20, 131.55, 
57.56, 58.84, 56.84, 54.87, 56.34, 58.00, 59.74, 61.65, 63.72, 66.04, 68.27, 70.49, 71.99, 74.01, 76.05, 78.03, 80.11, 82.20, 84.14, 86.11, 88.29, 90.00, 92.25, 94.34, 96.06, 97.62, 98.28, 98.98, 95.24, 93.12, 94.15, 93.71, 95.06, 96.59, 98.74, 101.07, 103.13, 105.21, 107.20, 109.32, 111.38, 113.55, 115.62, 117.71, 119.82, 121.90, 123.52, 116.92, 112.87, 110.79, 110.86, 111.77, 112.49, 113.06, 114.00, 114.96, 116.17, 117.09, 118.17, 119.33, 120.44, 121.50, 122.59, 123.82, 124.93, 126.12, 126.75, 127.91, 129.09, 129.95, 131.15, 131.84, 132.44, 133.65, 134.52, 134.87, 135.95, 130.25, 130.61, 130.96, 131.32, 131.67, 132.03, 
58.58, 59.82, 58.02, 55.95, 57.40, 59.03, 60.78, 62.68, 64.72, 67.01, 69.20, 71.39, 73.09, 75.11, 77.13, 79.09, 81.13, 83.19, 85.27, 87.35, 89.50, 91.56, 93.76, 95.94, 98.02, 99.58, 99.86, 100.33, 96.38, 94.10, 95.16, 94.61, 95.89, 97.40, 99.51, 101.80, 103.84, 105.90, 107.86, 109.94, 111.96, 114.08, 116.12, 118.18, 120.27, 122.35, 123.99, 118.03, 113.82, 111.56, 111.65, 112.57, 113.30, 113.87, 114.78, 115.71, 116.90, 117.78, 118.83, 119.97, 121.06, 122.11, 123.14, 124.35, 125.42, 126.55, 127.62, 128.79, 129.94, 131.04, 132.24, 132.94, 133.49, 134.65, 135.54, 135.84, 136.90, 130.80, 131.16, 131.51, 131.87, 132.22, 132.58, 
59.48, 60.63, 59.17, 56.96, 58.30, 59.83, 61.46, 63.26, 65.24, 67.47, 69.60, 71.73, 73.36, 75.27, 77.17, 79.04, 81.08, 83.16, 85.25, 87.35, 89.53, 91.63, 93.87, 96.07, 98.17, 100.14, 101.41, 101.64, 97.44, 95.06, 96.06, 95.49, 96.79, 98.27, 100.35, 102.61, 104.61, 106.63, 108.57, 110.64, 112.66, 114.78, 116.80, 118.85, 120.89, 122.91, 124.43, 119.07, 114.75, 112.34, 112.41, 113.30, 114.11, 114.76, 115.75, 116.76, 117.97, 118.73, 119.86, 121.04, 122.18, 123.26, 124.30, 125.52, 126.56, 127.75, 128.74, 129.93, 131.14, 132.21, 133.47, 134.11, 134.69, 135.91, 136.66, 136.90, 138.03, 131.38, 131.73, 132.08, 132.44, 132.79, 133.15, 
60.31, 61.05, 60.04, 57.76, 58.92, 60.10, 61.59, 63.34, 64.98, 66.76, 68.42, 70.11, 71.74, 73.52, 75.30, 77.05, 78.83, 80.68, 82.55, 84.42, 86.33, 88.20, 90.16, 92.08, 93.93, 95.71, 97.26, 98.99, 98.94, 96.56, 97.51, 96.98, 96.94, 98.14, 99.67, 101.22, 102.57, 103.88, 105.10, 106.45, 107.78, 109.18, 110.54, 111.89, 113.27, 114.81, 116.27, 117.70, 115.93, 113.41, 113.37, 113.79, 114.56, 115.64, 116.66, 117.83, 118.92, 119.61, 120.59, 121.52, 122.52, 123.63, 124.65, 125.52, 126.41, 127.33, 128.21, 129.23, 130.25, 131.27, 132.38, 133.50, 134.70, 135.78, 136.92, 138.02, 139.11, 132.70, 133.05, 133.40, 133.76, 134.11, 134.47, 
61.51, 62.14, 60.99, 58.63, 59.12, 59.72, 60.58, 61.70, 62.69, 63.83, 64.93, 66.14, 67.33, 68.52, 69.73, 70.90, 72.38, 73.97, 75.59, 77.23, 78.93, 80.64, 82.38, 84.07, 85.69, 87.23, 88.58, 90.04, 91.38, 92.79, 94.17, 95.65, 96.54, 97.53, 98.56, 99.66, 100.69, 101.69, 102.72, 103.84, 104.93, 106.04, 107.09, 108.08, 109.05, 110.11, 111.10, 112.41, 113.71, 114.84, 114.74, 114.95, 115.91, 117.34, 118.40, 119.67, 120.72, 121.14, 122.34, 123.12, 124.11, 125.39, 126.36, 127.10, 127.95, 128.94, 129.62, 130.92, 131.92, 132.91, 134.10, 135.29, 136.37, 137.41, 138.53, 139.65, 140.75, 134.29, 134.64, 135.00, 135.35, 135.71, 136.06, 
63.04, 63.65, 62.19, 59.74, 59.79, 60.37, 61.06, 61.90, 62.71, 63.68, 64.48, 65.36, 65.98, 66.73, 67.47, 68.17, 69.33, 70.56, 71.85, 73.17, 74.57, 75.97, 77.42, 78.80, 80.05, 81.18, 82.07, 83.17, 84.19, 85.26, 86.25, 87.43, 88.57, 89.47, 90.54, 91.93, 93.27, 94.65, 96.10, 97.61, 99.06, 100.55, 101.97, 103.37, 104.74, 106.04, 107.02, 108.12, 109.49, 111.02, 112.59, 113.98, 115.52, 117.37, 119.26, 121.19, 122.66, 122.80, 124.28, 124.92, 125.75, 127.28, 128.20, 128.87, 129.63, 130.71, 131.05, 132.74, 133.66, 134.57, 135.91, 137.14, 137.97, 139.06, 140.12, 141.20, 142.36, 135.76, 136.12, 136.47, 136.82, 137.18, 137.53, 
65.14, 65.66, 63.98, 61.43, 61.20, 61.57, 62.37, 63.44, 63.79, 64.50, 65.14, 65.83, 67.10, 68.07, 68.75, 69.47, 70.51, 71.73, 73.00, 74.27, 75.57, 76.95, 78.29, 79.57, 80.79, 81.97, 83.33, 85.01, 85.96, 87.14, 88.03, 89.40, 90.13, 90.92, 91.69, 93.04, 94.53, 96.06, 97.71, 99.28, 100.71, 102.17, 103.60, 104.95, 106.32, 107.69, 108.72, 110.05, 111.58, 113.23, 114.82, 115.88, 117.61, 119.83, 121.71, 123.67, 125.09, 124.99, 126.64, 127.16, 127.88, 129.67, 130.53, 131.06, 131.77, 132.96, 132.99, 135.04, 135.88, 136.74, 138.19, 139.47, 140.12, 141.16, 142.25, 143.27, 144.45, 138.03, 138.38, 138.73, 139.09, 139.44, 139.80, 
67.26, 67.65, 65.74, 63.11, 62.59, 62.74, 63.64, 64.95, 64.78, 65.28, 65.85, 66.57, 67.91, 69.24, 70.02, 70.76, 71.74, 73.03, 74.33, 75.61, 76.94, 78.39, 79.68, 80.92, 82.10, 83.26, 84.71, 86.59, 87.81, 89.10, 89.91, 91.46, 91.67, 92.35, 92.71, 93.90, 95.29, 96.72, 98.26, 99.82, 101.35, 102.85, 104.36, 105.84, 107.30, 108.83, 110.39, 112.02, 113.68, 115.49, 117.07, 117.83, 119.76, 122.29, 124.23, 126.23, 127.62, 127.26, 129.10, 129.48, 130.12, 132.15, 132.93, 133.35, 134.00, 135.27, 135.02, 137.41, 138.19, 139.00, 140.55, 141.90, 142.35, 143.36, 144.46, 145.45, 146.64, 140.37, 140.72, 141.08, 141.43, 141.78, 142.14, 
69.39, 69.63, 67.47, 64.80, 63.99, 63.91, 64.95, 66.47, 65.75, 66.06, 66.55, 67.36, 68.77, 70.19, 71.40, 72.13, 73.01, 74.36, 75.73, 77.01, 78.35, 79.85, 81.12, 82.30, 83.45, 84.62, 86.18, 88.14, 89.74, 91.15, 91.91, 93.60, 93.16, 93.74, 93.61, 94.65, 95.90, 97.20, 98.61, 100.02, 101.40, 102.74, 104.12, 105.42, 106.72, 108.11, 109.78, 111.80, 113.94, 116.23, 118.50, 119.79, 121.92, 124.44, 126.74, 128.78, 130.12, 129.51, 131.56, 131.77, 132.32, 134.59, 135.31, 135.61, 136.21, 137.55, 137.02, 139.38, 140.48, 141.24, 142.87, 144.32, 144.55, 145.54, 146.66, 147.64, 148.83, 142.74, 143.10, 143.45, 143.81, 144.16, 144.52, 
71.52, 71.60, 69.21, 66.50, 65.46, 65.11, 66.35, 67.96, 66.79, 66.90, 67.37, 68.30, 69.81, 71.32, 72.79, 73.59, 74.41, 75.83, 77.22, 78.51, 79.86, 81.45, 82.65, 83.78, 84.92, 86.10, 87.80, 89.84, 91.75, 93.29, 94.00, 95.84, 94.66, 95.16, 94.51, 95.47, 96.67, 97.89, 99.25, 100.59, 101.92, 103.18, 104.48, 105.71, 106.95, 108.32, 110.04, 112.08, 114.23, 116.51, 118.79, 120.75, 122.92, 125.46, 128.00, 130.58, 132.67, 131.79, 134.04, 134.10, 134.58, 137.05, 137.72, 137.91, 138.46, 139.87, 139.07, 141.47, 142.82, 143.53, 145.23, 146.79, 146.80, 147.76, 148.94, 149.89, 151.07, 145.16, 145.52, 145.87, 146.23, 146.58, 146.94, 
73.69, 73.58, 70.97, 68.21, 66.95, 66.38, 67.80, 69.45, 67.90, 67.90, 68.49, 69.58, 71.27, 72.87, 74.38, 75.16, 75.97, 77.49, 78.91, 80.20, 81.55, 83.22, 84.35, 85.46, 86.60, 87.83, 89.66, 91.78, 93.85, 95.53, 96.22, 98.18, 96.16, 96.66, 95.46, 96.20, 97.31, 98.39, 99.60, 100.76, 101.92, 103.00, 104.11, 105.19, 106.27, 107.55, 109.23, 111.32, 113.43, 115.76, 118.05, 120.08, 122.32, 124.93, 127.55, 130.22, 132.89, 134.17, 136.62, 136.52, 136.98, 139.55, 140.20, 140.33, 140.81, 142.28, 141.26, 143.79, 145.31, 145.96, 147.71, 149.36, 149.18, 150.13, 151.33, 152.30, 153.47, 147.66, 148.02, 148.37, 148.73, 149.08, 149.44, 
75.72, 75.43, 72.53, 69.74, 68.27, 67.55, 68.86, 70.37, 68.94, 68.99, 69.69, 70.96, 72.60, 74.17, 75.76, 76.69, 77.48, 79.11, 80.56, 81.86, 83.20, 84.91, 86.01, 87.09, 88.23, 89.50, 91.27, 93.21, 95.15, 97.21, 98.29, 100.33, 97.47, 97.94, 96.30, 96.94, 97.87, 98.76, 99.73, 100.64, 101.52, 102.34, 103.20, 104.04, 104.90, 105.96, 107.47, 109.37, 111.27, 113.42, 115.52, 117.39, 119.45, 121.85, 124.27, 126.74, 129.25, 131.43, 133.84, 136.09, 138.32, 140.67, 142.46, 142.60, 142.97, 144.49, 143.25, 145.63, 147.62, 148.21, 149.98, 151.76, 151.33, 152.29, 153.52, 154.54, 155.71, 149.95, 150.30, 150.66, 151.01, 151.37, 151.72, 
77.69, 77.21, 73.97, 71.14, 69.60, 68.75, 70.13, 71.65, 70.08, 70.23, 71.01, 72.45, 74.01, 75.64, 77.26, 78.23, 78.94, 80.46, 82.03, 83.41, 84.74, 86.30, 87.57, 88.63, 89.76, 91.09, 92.75, 94.53, 96.32, 98.22, 100.16, 102.15, 98.64, 99.09, 97.25, 97.91, 98.86, 99.74, 100.75, 101.59, 102.43, 103.23, 104.12, 104.98, 105.89, 107.04, 108.54, 110.28, 112.04, 114.05, 116.03, 117.81, 119.76, 121.98, 124.20, 126.45, 128.79, 130.78, 133.05, 135.14, 137.20, 139.35, 141.41, 143.56, 144.98, 146.53, 145.06, 147.27, 149.43, 150.26, 152.04, 153.94, 153.22, 154.28, 155.50, 156.58, 157.78, 152.00, 152.35, 152.71, 153.06, 153.42, 153.77, 
79.93, 79.23, 75.66, 72.77, 71.18, 70.18, 71.77, 73.37, 71.43, 71.63, 72.50, 74.11, 75.77, 77.41, 79.02, 79.92, 80.58, 82.16, 83.76, 85.11, 86.42, 88.01, 89.26, 90.33, 91.47, 92.86, 94.63, 96.54, 98.37, 100.39, 102.38, 104.43, 100.05, 100.46, 98.38, 99.01, 100.00, 100.85, 101.94, 102.69, 103.51, 104.27, 105.21, 106.11, 107.07, 108.39, 110.10, 112.05, 114.03, 116.32, 118.27, 119.87, 121.97, 124.48, 126.68, 128.93, 131.37, 133.03, 135.58, 137.49, 139.50, 141.78, 143.73, 145.96, 147.27, 148.81, 147.12, 149.57, 151.87, 152.55, 154.33, 156.34, 155.38, 156.54, 157.77, 158.91, 160.10, 154.29, 154.65, 155.00, 155.36, 155.71, 156.07, 
82.01, 81.11, 77.24, 74.29, 72.70, 71.51, 73.10, 74.80, 72.74, 73.00, 73.96, 75.59, 77.28, 78.99, 80.69, 81.55, 82.19, 83.82, 85.45, 86.78, 88.07, 89.69, 90.93, 92.00, 93.15, 94.59, 96.42, 98.36, 100.32, 102.41, 104.52, 106.62, 101.31, 101.72, 99.44, 100.04, 101.04, 101.88, 102.98, 103.72, 104.52, 105.25, 106.24, 107.15, 108.14, 109.38, 110.98, 112.81, 114.67, 116.81, 118.88, 120.78, 122.85, 125.21, 127.54, 129.88, 132.32, 134.46, 136.86, 139.09, 141.28, 143.58, 145.78, 148.05, 149.44, 150.97, 149.07, 151.37, 153.68, 154.70, 156.48, 158.60, 157.42, 158.70, 159.93, 161.12, 162.29, 156.45, 156.81, 157.16, 157.52, 157.87, 158.23, 
84.16, 83.03, 78.91, 75.90, 74.30, 72.92, 74.59, 76.36, 74.14, 74.43, 75.50, 77.21, 79.05, 80.82, 82.51, 83.32, 83.93, 85.63, 87.29, 88.59, 89.87, 91.52, 92.74, 93.81, 94.98, 96.48, 98.41, 100.46, 102.43, 104.67, 106.82, 108.98, 102.68, 103.09, 100.53, 101.01, 102.00, 102.84, 103.90, 104.70, 105.50, 106.18, 107.18, 108.14, 109.13, 110.33, 112.00, 113.98, 115.99, 118.26, 120.43, 122.42, 124.58, 127.03, 129.45, 131.91, 134.43, 136.66, 139.15, 141.38, 143.56, 145.94, 148.07, 150.39, 151.70, 153.21, 151.12, 153.49, 155.89, 156.96, 158.71, 160.96, 159.60, 160.97, 162.21, 163.46, 164.60, 158.77, 159.12, 159.48, 159.83, 160.18, 160.54, 
86.29, 84.96, 80.58, 77.48, 75.87, 74.30, 75.92, 77.64, 75.53, 75.90, 77.08, 78.84, 80.66, 82.46, 84.25, 85.05, 85.67, 87.43, 89.13, 90.41, 91.68, 93.35, 94.56, 95.62, 96.80, 98.35, 100.30, 102.33, 104.38, 106.59, 108.86, 111.17, 104.03, 104.39, 101.58, 101.97, 102.88, 103.77, 104.76, 105.62, 106.42, 107.06, 108.02, 108.98, 109.94, 111.07, 112.66, 114.57, 116.51, 118.73, 120.86, 122.81, 124.93, 127.34, 129.74, 132.18, 134.70, 136.90, 139.38, 141.67, 143.94, 146.30, 148.57, 150.90, 153.14, 155.37, 153.15, 155.50, 157.89, 159.20, 160.89, 163.22, 161.74, 163.21, 164.47, 165.77, 166.88, 161.01, 161.37, 161.72, 162.08, 162.43, 162.78, 
88.30, 86.79, 82.14, 78.93, 77.32, 75.57, 77.09, 78.72, 76.83, 77.32, 78.60, 80.28, 81.96, 83.65, 85.34, 86.67, 87.30, 89.00, 90.73, 92.13, 93.39, 95.07, 96.28, 97.33, 98.52, 100.10, 101.92, 103.78, 105.66, 107.70, 109.80, 111.94, 105.25, 105.50, 102.56, 102.92, 103.67, 104.54, 105.47, 106.34, 107.20, 107.92, 108.82, 109.72, 110.65, 111.71, 113.18, 114.89, 116.65, 118.69, 120.64, 122.41, 124.37, 126.60, 128.85, 131.15, 133.54, 135.60, 137.93, 140.09, 142.22, 144.43, 146.56, 148.76, 150.87, 152.97, 154.85, 157.06, 159.30, 161.29, 162.93, 165.10, 163.71, 165.30, 166.58, 167.92, 168.98, 163.06, 163.41, 163.77, 164.12, 164.48, 164.83, 
90.42, 88.72, 83.82, 80.51, 78.89, 76.96, 78.58, 80.29, 78.24, 78.81, 80.18, 81.93, 83.73, 85.45, 87.12, 88.40, 89.03, 90.79, 92.55, 93.93, 95.19, 96.88, 98.09, 99.12, 100.32, 101.94, 103.84, 105.80, 107.67, 109.85, 112.03, 114.22, 106.60, 106.74, 103.61, 103.89, 104.57, 105.41, 106.35, 107.21, 108.07, 108.76, 109.68, 110.60, 111.56, 112.68, 114.27, 116.12, 118.03, 120.20, 122.27, 124.17, 126.22, 128.56, 130.91, 133.30, 135.77, 137.75, 140.17, 142.32, 144.42, 146.72, 148.76, 151.02, 153.06, 155.16, 156.81, 159.09, 161.42, 163.47, 165.04, 167.30, 165.78, 167.47, 168.79, 170.18, 171.19, 165.25, 165.61, 165.96, 166.31, 166.67, 167.02, 
92.42, 90.55, 85.39, 81.97, 80.36, 78.24, 79.78, 81.43, 79.58, 80.26, 81.72, 83.43, 85.14, 86.84, 88.54, 90.03, 90.71, 92.44, 94.21, 95.69, 96.94, 98.65, 99.87, 100.88, 102.07, 103.73, 105.57, 107.46, 109.36, 111.41, 113.52, 115.68, 107.83, 107.85, 104.61, 104.85, 105.39, 106.22, 107.10, 107.93, 108.75, 109.56, 110.43, 111.30, 112.22, 113.28, 114.76, 116.46, 118.21, 120.24, 122.16, 123.93, 125.87, 128.09, 130.32, 132.62, 135.00, 137.06, 139.38, 141.53, 143.66, 145.86, 147.97, 150.16, 152.26, 154.36, 156.24, 158.43, 160.67, 162.75, 164.78, 166.94, 167.75, 169.55, 170.91, 172.33, 173.28, 167.30, 167.65, 168.01, 168.36, 168.72, 169.07, 
94.47, 92.43, 87.01, 83.49, 81.87, 79.56, 81.14, 82.83, 80.95, 81.72, 83.28, 85.00, 86.74, 88.49, 90.22, 91.71, 92.40, 94.15, 95.93, 97.45, 98.71, 100.43, 101.64, 102.65, 103.84, 105.53, 107.41, 109.36, 111.31, 113.43, 115.60, 117.82, 109.10, 109.01, 105.62, 105.79, 106.22, 107.03, 107.89, 108.70, 109.51, 110.30, 111.16, 112.03, 112.95, 114.05, 115.58, 117.36, 119.17, 121.25, 123.24, 125.05, 127.04, 129.32, 131.62, 133.97, 136.41, 138.52, 140.89, 143.09, 145.27, 147.52, 149.68, 151.91, 154.06, 156.21, 158.14, 160.39, 162.67, 164.81, 166.86, 169.07, 169.77, 171.67, 173.08, 174.54, 175.43, 169.42, 169.77, 170.13, 170.48, 170.84, 171.19, 
96.54, 94.33, 88.65, 85.02, 83.40, 80.90, 82.48, 84.18, 82.32, 83.18, 84.74, 86.45, 88.20, 89.97, 91.72, 93.41, 94.07, 95.80, 97.56, 99.20, 100.46, 102.19, 103.40, 104.39, 105.58, 107.31, 109.18, 111.13, 113.08, 115.21, 117.39, 119.61, 110.37, 110.18, 106.64, 106.74, 107.06, 107.86, 108.73, 109.53, 110.32, 111.10, 111.97, 112.86, 113.80, 114.92, 116.48, 118.27, 120.10, 122.19, 124.19, 126.01, 128.01, 130.29, 132.60, 134.96, 137.41, 139.53, 141.90, 144.11, 146.29, 148.55, 150.71, 152.96, 155.12, 157.27, 159.21, 161.46, 163.76, 165.90, 167.98, 170.20, 171.80, 173.80, 175.25, 176.74, 177.58, 171.55, 171.90, 172.25, 172.61, 172.96, 173.32, 
98.66, 96.27, 90.33, 86.59, 84.97, 82.27, 83.90, 85.63, 83.73, 84.67, 86.27, 88.04, 89.84, 91.64, 93.42, 95.14, 95.79, 97.57, 99.37, 100.99, 102.25, 103.99, 105.20, 106.18, 107.38, 109.15, 111.07, 113.05, 115.05, 117.22, 119.45, 121.72, 111.70, 111.38, 107.68, 107.71, 107.93, 108.73, 109.62, 110.38, 111.15, 111.92, 112.81, 113.72, 114.70, 115.85, 117.45, 119.27, 121.13, 123.27, 125.32, 127.19, 129.24, 131.58, 133.94, 136.36, 138.87, 141.04, 143.47, 145.74, 147.99, 150.31, 152.52, 154.83, 157.04, 159.26, 161.20, 163.52, 165.87, 168.08, 170.12, 172.40, 173.88, 175.99, 177.48, 179.00, 179.78, 173.72, 174.07, 174.43, 174.78, 175.14, 175.49, 
100.78, 98.23, 92.01, 88.16, 86.53, 83.66, 85.28, 87.01, 85.15, 86.19, 87.83, 89.63, 91.43, 93.23, 95.02, 96.75, 97.53, 99.34, 101.17, 102.81, 104.06, 105.82, 107.02, 108.00, 109.19, 111.00, 112.93, 114.90, 116.88, 119.04, 121.25, 123.51, 113.05, 112.59, 108.76, 108.72, 108.81, 109.59, 110.50, 111.24, 112.00, 112.75, 113.64, 114.55, 115.54, 116.70, 118.28, 120.07, 121.90, 124.03, 126.06, 127.93, 129.98, 132.31, 134.68, 137.10, 139.63, 141.81, 144.25, 146.54, 148.80, 151.12, 153.34, 155.66, 157.89, 160.12, 162.13, 164.46, 166.83, 169.05, 171.21, 173.50, 175.58, 177.77, 179.73, 181.28, 182.00, 175.87, 176.23, 176.58, 176.94, 177.29, 177.64, 
102.98, 100.25, 93.77, 89.79, 88.16, 85.10, 86.76, 88.53, 86.60, 87.72, 89.36, 91.17, 93.00, 94.83, 96.65, 98.41, 99.27, 101.06, 102.88, 104.61, 105.86, 107.63, 108.82, 109.79, 110.99, 112.84, 114.79, 116.81, 118.84, 121.04, 123.31, 125.63, 114.45, 113.84, 109.84, 109.72, 109.71, 110.48, 111.42, 112.11, 112.86, 113.58, 114.51, 115.46, 116.48, 117.67, 119.31, 121.16, 123.07, 125.26, 127.36, 129.29, 131.39, 133.79, 136.21, 138.68, 141.26, 143.49, 145.98, 148.30, 150.60, 152.96, 155.21, 157.57, 159.84, 162.11, 164.15, 166.53, 168.94, 171.20, 173.39, 175.72, 177.69, 179.92, 182.00, 183.59, 184.26, 178.09, 178.45, 178.80, 179.16, 179.51, 179.87, 
105.26, 102.37, 95.60, 91.51, 89.86, 86.61, 88.35, 90.17, 88.10, 89.31, 91.00, 92.86, 94.74, 96.61, 98.48, 100.21, 101.04, 102.87, 104.73, 106.44, 107.67, 109.47, 110.65, 111.61, 112.83, 114.71, 116.70, 118.78, 120.85, 123.11, 125.42, 127.78, 115.92, 115.15, 110.99, 110.78, 110.69, 111.43, 112.43, 113.04, 113.78, 114.47, 115.45, 116.47, 117.57, 118.83, 120.53, 122.44, 124.39, 126.65, 128.82, 130.82, 132.99, 135.45, 137.93, 140.45, 143.09, 145.38, 147.92, 150.30, 152.65, 155.06, 157.36, 159.78, 162.10, 164.43, 166.25, 168.68, 171.15, 173.47, 175.64, 178.01, 179.86, 182.12, 184.33, 185.97, 186.57, 180.37, 180.73, 181.08, 181.44, 181.79, 182.15, 
107.53, 104.48, 97.42, 93.22, 91.54, 88.11, 89.83, 91.63, 89.57, 90.86, 92.54, 94.38, 96.23, 98.06, 99.88, 101.64, 102.80, 104.61, 106.44, 108.26, 109.48, 111.30, 112.46, 113.42, 114.65, 116.52, 118.49, 120.52, 122.58, 124.81, 127.10, 129.44, 117.39, 116.45, 112.13, 111.86, 111.68, 112.42, 113.46, 114.01, 114.72, 115.40, 116.39, 117.44, 118.56, 119.82, 121.50, 123.36, 125.28, 127.51, 129.66, 131.65, 133.82, 136.28, 138.77, 141.30, 143.96, 146.27, 148.83, 151.24, 153.62, 156.06, 158.38, 160.83, 163.17, 165.52, 167.64, 170.10, 172.58, 174.92, 177.18, 179.58, 181.75, 184.04, 186.38, 188.34, 188.88, 182.63, 182.98, 183.34, 183.69, 184.05, 184.40, 
110.07, 106.89, 99.52, 95.20, 93.46, 89.85, 91.76, 93.64, 91.20, 92.53, 94.33, 96.25, 98.18, 100.03, 101.83, 103.54, 104.58, 106.38, 108.20, 109.99, 111.25, 113.04, 114.22, 115.21, 116.46, 118.34, 120.39, 122.55, 124.74, 127.10, 129.52, 131.94, 119.09, 117.99, 113.53, 113.24, 113.01, 113.75, 114.85, 115.32, 116.01, 116.67, 117.71, 118.83, 120.03, 121.43, 123.36, 125.40, 127.40, 129.87, 132.06, 133.88, 136.22, 138.93, 141.49, 144.03, 146.85, 148.80, 151.56, 153.87, 156.21, 158.71, 160.90, 163.51, 165.73, 168.10, 169.98, 172.67, 175.28, 177.46, 179.66, 182.16, 184.11, 186.54, 188.91, 190.89, 191.39, 185.07, 185.42, 185.78, 186.13, 186.49, 186.84, 
112.64, 109.34, 101.66, 97.21, 95.43, 91.68, 93.67, 95.67, 92.94, 94.36, 96.32, 98.37, 100.20, 102.05, 103.84, 105.50, 106.51, 108.34, 110.18, 111.94, 113.20, 114.99, 116.16, 117.17, 118.44, 120.37, 122.51, 124.63, 126.83, 129.19, 131.63, 134.12, 120.88, 119.59, 115.07, 114.79, 114.48, 115.23, 116.37, 116.78, 117.44, 118.10, 119.16, 120.36, 121.63, 123.10, 125.03, 127.02, 129.11, 131.57, 133.96, 136.16, 138.61, 141.33, 144.09, 146.78, 149.73, 151.39, 154.23, 156.59, 158.89, 161.42, 163.48, 166.27, 168.38, 170.74, 172.39, 175.16, 177.94, 180.07, 182.21, 184.80, 186.52, 189.10, 191.49, 193.50, 193.95, 187.47, 187.83, 188.18, 188.53, 188.89, 189.24, 
115.12, 111.70, 103.71, 99.14, 97.36, 93.45, 95.42, 97.46, 94.65, 96.14, 98.06, 100.10, 102.09, 104.07, 105.85, 107.46, 108.37, 110.22, 112.07, 113.81, 115.05, 116.85, 118.01, 119.05, 120.33, 122.28, 124.36, 126.48, 128.64, 130.96, 133.35, 135.79, 122.55, 121.11, 116.54, 116.25, 115.85, 116.61, 117.78, 118.13, 118.76, 119.43, 120.52, 121.79, 123.14, 124.72, 126.63, 128.59, 130.62, 132.99, 135.30, 137.46, 139.80, 142.40, 145.03, 147.66, 150.48, 152.94, 155.63, 158.21, 160.75, 163.33, 165.78, 168.42, 170.89, 173.25, 174.68, 177.31, 179.95, 182.43, 184.61, 187.11, 188.80, 191.24, 193.71, 196.00, 196.39, 189.81, 190.16, 190.51, 190.87, 191.22, 191.58, 
117.54, 114.02, 105.74, 101.02, 99.26, 95.20, 97.15, 99.19, 96.33, 97.89, 99.73, 101.65, 103.51, 105.52, 107.52, 109.39, 110.05, 111.72, 113.41, 115.06, 116.69, 118.30, 119.65, 120.71, 122.00, 123.75, 125.67, 127.70, 129.72, 131.91, 134.16, 136.47, 124.16, 122.56, 117.98, 117.73, 117.22, 118.01, 119.23, 119.54, 120.12, 120.80, 121.92, 123.25, 124.69, 126.34, 128.25, 130.14, 132.13, 134.40, 136.62, 138.66, 140.86, 143.32, 145.79, 148.25, 150.90, 153.20, 155.71, 158.11, 160.46, 162.84, 165.11, 167.58, 169.91, 172.27, 174.37, 176.81, 179.27, 181.56, 183.77, 186.08, 188.14, 190.38, 192.65, 194.92, 197.15, 192.00, 192.35, 192.71, 193.06, 193.42, 193.77, 
